{
  "spearman_mean": 0.9366899743192941,
  "jaccard_top10_mean": 0.7606319606319606,
  "jaccard_top20_mean": 0.8959114959114961
}